Student_ID,Student_Name,Maths,Science,English,Social,Computer,Total score,Average score,Grade
18,Somesh,98,86.0,96.0,67,97.0,444.0,88.8,A
17,Sakshi,98,67.0,89.0,78,75.0,407.0,81.4,B
15,Akash,98,62.77777777777778,73.0,79,75.0,387.77777777777777,77.55555555555556,B
