Department,Salary
Finance,87024.12432065218
HR,67483.28467908903
IT,84587.05374396135
Marketing,85575.84573578594
Sales,70627.63100686499
